,products
0,CL-55-59 Designer Round Dial PU Strap Boy's Watch & Bra...
1,Stylis Men's All New looks Sports Design Analog Watch  ...
2,Stylish Men PU04 Edition Black Sylish Sport Watch For M...
3,New Stylish Dial And With Black Led And Bracelet watch ...
4,Stylish Men PU02 Edition Black Sylish Sport Watch For M...
5,FULL BLACK FANCY DIAL SPORT PU BELT WATCH & KING BRECEL...
6,Stylish Men PU03 Edition Black Sylish Sport Watch For M...
7,IGP-TT-GOLD Waterproof Gold Square Dial Day and Date Bo...
8,Avanger Edition Black King Bracelet Designer Strap Styl...
9,HMTG-G9052 Original Gold Plated Day & Date Watch & Gold...
10,LCS-8188 BLUE DIAL AND SILVER STRAP DAY & DATE FUNCTION...
11,TD_MAHADEV001 MAHADEV Black dial Black Genuine Leather ...
12,New Mahadev Pritned Blue Dial Watch and Om Mahadev Brac...
13,77106SM04 Analog Watch  - For Men
14,W05BLK Stylish Square Dial Silicone PU Strap Watch Anal...
15,Queen Dial Black Magnetic Belt Girls Analog Watch Analo...
16,43-Mate Blue Shined Casual Boys Designer Analog Watch  ...
17,38024PP25 Minimalists Analog Watch  - For Men
18,goldmines-1 Analog-Digital Watch  - For Boys
19,Umbrella Dial Magnet Belt Girls Women All Magnetic Chai...
20,LS2978 Day and Date Functioning Steel Strap New Quartz ...
21,32-BK-CK Analogue Display with Exclusive Design Analog ...
22,Stylis Men's All New looks Sports Design Analog Watch  ...
23,PAIDDU Stylis Men's All New looks Sports Design Analog ...
24,New Stylish Brown King Bracelet and Watch For Men's & B...
25,Men Sport Watch High-end Silicone Strap Military Wrist ...
26,1170-BL-BR Unique New Day & Date Analog Watch  - For Me...
27,LCS-8190 Trending Day & Date Functioning Analog Watch  ...
28,Magnet Strap Girls Women All Diamond Magnetic Chain Ana...
29,Gents Exclusive 3 Designer Combo (Casual+PartyWear+Form...
30,HL-2022 New Trending Full Black Round Waterproof Gym Fi...
31,Pack of 2 Queen Dial Magnet Strap Gold and Black Analog...
32,21st century Black Silicon Band Designer Watch Analog W...
33,Digital Black LED Kids Watch Rubber & Silicon Strap Wat...
34,New Black Dial Stainless Still Strap For Couple And Boy...
35,IGP-HM-GOLD Waterproof Gold Square Dial Day and Date Bo...
36,233WDTG TIMEWEAR White Number Dial Brown Leather Strap ...
37,LED-SQ YOUTH CLUB- LED-SQ DIGITAL WATCH FOR GIRLS & BOY...
38,PWRM-King Day And Date Functioning High Quality Combo O...
39,Purple Magnet Strap Heart Dial Girls Women All Magnetic...
